{
    "model": "XGBoost",
    "valid_auc": 0.7681736690371133,
    "valid_logloss": 0.47503008364864624,
    "test_auc": 0.771515217273911,
    "test_logloss": 0.4726107932921033
}